title,outline,director,performer,year,preview,image,article,movie,item_id
title1,outline1,director1,performer1,year1,preview1,image1,article1,movie1,1
title2,outline2,director2,performer2,year2,preview2,image2,article2,movie2,2
title3,outline3,director3,performer3,year3,preview3,image3,article3,movie3,3
title4,outline4,director4,performer4,year4,preview4,image4,article4,movie4,4
title5,outline5,director5,performer5,year5,preview5,image5,article5,movie5,5
title6,outline6,director6,performer6,year6,preview6,image6,article6,movie6,6
title7,outline7,director7,performer7,year7,preview7,image7,article7,movie7,7
title8,outline8,director8,performer8,year8,preview8,image8,article8,movie8,8
title9,outline9,director9,performer9,year9,preview9,image9,article9,movie9,9
title10,outline10,director10,performer10,year10,preview10,image10,article10,movie10,10
